<?xml version="1.0"?>
<assessmentItems>
	<assessmentItem subject="Web" author="jvadillo001@ikasle.ehu.eus">
		<itemBody>
			<p>Tag HTML para a&#xF1;adir un formulario</p>
		</itemBody>
		<correctResponse>
			<value>
				FORM
			</value>
		</correctResponse>
		<incorrectResponses>
			<value> OBJECT </value>
			<value> TABLE </value>
			<value> DIV </value>
		</incorrectResponses>
	</assessmentItem>
		<assessmentItem subject="Internet" author="rarruabarrena001@ikasle.ehu.eus">
		<itemBody>
			<p>Este protocolo acabar&#xE1; funcionando
			incluso entre dos latas unidas por un cord&#xF3;n</p>
		</itemBody>
		<correctResponse>
			<value>
				TCP/IP
			</value>
		</correctResponse>
		<incorrectResponses>
			<value> HTTP </value>
			<value> SMTP </value>
			<value> Ninguna es correcta </value>
		</incorrectResponses>
	</assessmentItem>
<assessmentItem subject="prueba" author="email123@ikasle.ehu.eus"><itemBody><p>Esto es una prueba</p></itemBody><correctResponse><value>si</value></correctResponse><incorrectResponses><value>no</value><value>si</value><value>no</value></incorrectResponses></assessmentItem><assessmentItem subject="prueba" author="email123@ikasle.ehu.eus"><itemBody><p>Esto es una prueba 2</p></itemBody><correctResponse><value>si</value></correctResponse><incorrectResponses><value>no</value><value>si</value><value>no</value></incorrectResponses></assessmentItem><assessmentItem subject="FUTBOL" author="ablazquez012@ikasle.ehu.eus"><itemBody><p>&#xBF;Quien gano la ultima liga?</p></itemBody><correctResponse><value>FC BARCELONA</value></correctResponse><incorrectResponses><value>k</value><value>k</value><value>k</value></incorrectResponses></assessmentItem><assessmentItem subject="1" author="prueba019@ikasle.ehu.eus"><itemBody><p>hola que tal estas eh</p></itemBody><correctResponse><value>hola</value></correctResponse><incorrectResponses><value>hola</value><value>hola</value><value>hola</value></incorrectResponses></assessmentItem><assessmentItem subject="La vida en general" author="cmartin070@ikasle.ehu.eus"><itemBody><p>&#xBF;Esta pregunta es importante para la vida?</p></itemBody><correctResponse><value>Si</value></correctResponse><incorrectResponses><value>No</value><value>Puede</value><value>Tal vez</value></incorrectResponses></assessmentItem><assessmentItem subject="Matematicas" author="jazpiroz005@ikasle.ehu.eus"><itemBody><p>Cuanto es 2+2?</p></itemBody><correctResponse><value>4</value></correctResponse><incorrectResponses><value>3</value><value>5</value><value>6</value></incorrectResponses></assessmentItem><assessmentItem subject="4" author="prueba001@ikasle.ehu.eus"><itemBody><p>esto es una prueba</p></itemBody><correctResponse><value>SI</value></correctResponse><incorrectResponses><value>SI</value><value>AI</value><value>SI</value></incorrectResponses></assessmentItem><assessmentItem subject="1" author="ablazquez012@ikasle.ehu.eus"><itemBody><p>tema1akdkdkd</p></itemBody><correctResponse><value>1</value></correctResponse><incorrectResponses><value>1</value><value>1</value><value>1</value></incorrectResponses></assessmentItem><assessmentItem subject="d" author="ablazquez012@ikasle.ehu.eus"><itemBody><p>ammsmsmsmsmsm</p></itemBody><correctResponse><value>m</value></correctResponse><incorrectResponses><value>m</value><value>m</value><value>m</value></incorrectResponses></assessmentItem><assessmentItem subject="s" author="ablazquez012@ikasle.ehu.eus"><itemBody><p>amamamamamamam</p></itemBody><correctResponse><value>mam</value></correctResponse><incorrectResponses><value>m</value><value>m</value><value>m</value></incorrectResponses></assessmentItem><assessmentItem subject="jeje" author="ablazquez012@ikasle.ehu.eus"><itemBody><p>jejemxxxjxjjx</p></itemBody><correctResponse><value>jeje</value></correctResponse><incorrectResponses><value>jeje</value><value>ejej</value><value>jeje</value></incorrectResponses></assessmentItem><assessmentItem subject="&#xF1;" author="ablazquez012@ikasle.ehu.eus"><itemBody><p>mmmmmmmmmd</p></itemBody><correctResponse><value>m</value></correctResponse><incorrectResponses><value>m</value><value>m</value><value>m</value></incorrectResponses></assessmentItem><assessmentItem subject="TEMA" author="ablazquez012@ikasle.ehu.eus"><itemBody><p>ASDFGHJKLSDFGHJKL.</p></itemBody><correctResponse><value>DFGHJKLSDFGHJK</value></correctResponse><incorrectResponses><value>SDFGHJKLDFGHJKL</value><value>SDFGHJKLDFGHJKL</value><value>DFGHJKLDFGHJK</value></incorrectResponses></assessmentItem></assessmentItems>
